{
    "indicate": {
        "revision": [
            1
        ]
    },
    "universal_time_event": {
        "revision": [
            1
        ]
    },
    "input_event_config": {
        "revision": [
            1,
            2
        ]
    },
    "input_motion_configure": {
        "revision": [
            1
        ]
    },
    "input_groups": {
        "revision": [
            1,
            2
        ]
    },
    "output_configure_announce": {
        "revision": [
            1
        ]
    },
    "output_announce_config_new": {
        "revision": [
            1
        ]
    },
    "output_configure_scene": {
        "revision": [
            1
        ]
    },
    "configure_scene_new": {
        "revision": [
            1
        ]
    },
    "group_output_announce": {
        "revision": [
            1
        ]
    }
}